InvoiceNo,StockCode,Description,Quantity,InvoiceDate,UnitPrice,CustomerID,Country,TotalPrice
INV1102,P39,Mug,5,2023-06-09,36.78,C25,Spain,183.9
INV1179,P48,Shoes,8,2023-03-16,18.9,C7,Italy,151.2
INV1092,P43,Socks,8,2023-01-08,10.97,C5,Germany,87.76
INV1014,P18,Mug,7,2023-02-14,28.02,C79,Spain,196.14
INV1106,P41,Shoes,7,2023-02-28,5.24,C23,Italy,36.68
INV1071,P40,Mug,6,2023-05-12,47.23,C47,Germany,283.38
INV1188,P36,Mug,6,2023-04-14,23.67,C93,Italy,142.02
INV1020,P5,Socks,9,2023-06-06,23.11,C44,Italy,207.99
INV1102,P25,Mug,6,2023-06-06,22.58,C12,Spain,135.48
INV1121,P33,Mug,2,2023-04-08,8.12,C68,Germany,16.24
INV1074,P44,Socks,2,2023-06-05,33.72,C24,Spain,67.44
INV1087,P5,Pen,5,2023-03-20,37.99,C19,United Kingdom,189.95000000000002
INV1116,P36,T-Shirt,4,2023-05-04,35.43,C81,United Kingdom,141.72
INV1099,P32,Notebook,2,2023-06-21,11.23,C81,Germany,22.46
INV1103,P21,Bag,3,2023-01-04,31.05,C65,Italy,93.15
INV1151,P20,Notebook,7,2023-03-31,30.63,C73,Spain,214.41
INV1130,P5,Notebook,8,2023-04-14,44.08,C44,Spain,352.64
INV1149,P5,Shoes,6,2023-05-17,22.06,C46,Germany,132.35999999999999
INV1052,P47,T-Shirt,5,2023-04-29,21.72,C62,Germany,108.6
INV1001,P3,Shoes,1,2023-05-13,32.83,C75,United Kingdom,32.83
INV1087,P29,T-Shirt,8,2023-02-25,33.49,C76,France,267.92
INV1157,P10,Socks,3,2023-04-06,26.12,C54,Germany,78.36
INV1037,P29,Socks,6,2023-06-27,24.94,C74,France,149.64000000000001
INV1129,P30,T-Shirt,3,2023-03-16,27.24,C18,Germany,81.72
INV1191,P23,Mug,7,2023-05-23,43.75,C34,Italy,306.25
INV1187,P8,Pen,7,2023-02-01,25.75,C52,Italy,180.25
INV1020,P2,Mug,9,2023-01-28,47.3,C25,United Kingdom,425.7
INV1160,P30,Pen,5,2023-01-22,27.68,C13,United Kingdom,138.4
INV1057,P39,Shoes,8,2023-01-17,47.71,C44,France,381.68
INV1021,P36,Pen,8,2023-02-28,42.48,C43,Germany,339.84
INV1088,P35,Shoes,1,2023-03-31,21.31,C87,Spain,21.31
INV1048,P23,Socks,5,2023-04-16,43.86,C64,United Kingdom,219.3
INV1058,P30,Notebook,3,2023-01-26,9.95,C50,Spain,29.849999999999998
INV1169,P5,Socks,1,2023-01-25,46.63,C42,Spain,46.63
INV1187,P1,Socks,4,2023-05-18,33.42,C85,Germany,133.68
INV1014,P19,Notebook,8,2023-02-14,7.45,C22,France,59.6
INV1189,P27,Pen,3,2023-03-24,33.99,C55,Germany,101.97
INV1189,P10,Pen,2,2023-01-11,48.84,C18,United Kingdom,97.68
INV1174,P3,Shoes,9,2023-04-14,8.14,C81,Spain,73.26
INV1189,P14,Mug,5,2023-03-09,29.96,C75,Germany,149.8
INV1050,P5,Shoes,7,2023-04-05,38.65,C54,Germany,270.55
INV1107,P48,Mug,2,2023-06-05,41.46,C91,Germany,82.92
INV1054,P29,Socks,9,2023-03-06,23.62,C91,United Kingdom,212.58
INV1063,P37,Notebook,9,2023-02-18,14.19,C59,France,127.71
INV1130,P1,Socks,4,2023-06-24,6.91,C58,Germany,27.64
INV1050,P14,T-Shirt,4,2023-02-21,31.09,C32,United Kingdom,124.36
INV1134,P10,Pen,6,2023-04-12,25.38,C18,Spain,152.28
INV1020,P7,Mug,6,2023-02-26,47.69,C27,Italy,286.14
INV1072,P25,Shoes,1,2023-02-16,7.73,C51,United Kingdom,7.73
INV1166,P44,Notebook,9,2023-06-08,35.84,C48,Italy,322.56000000000006
INV1017,P43,Mug,2,2023-06-23,6.12,C36,Germany,12.24
INV1131,P4,Shoes,5,2023-01-26,12.71,C25,Germany,63.550000000000004
INV1088,P5,Pen,9,2023-04-24,25.41,C98,United Kingdom,228.69
INV1059,P25,Socks,4,2023-01-05,25.47,C97,Italy,101.88
INV1013,P3,Pen,3,2023-03-25,35.86,C98,Germany,107.58
INV1008,P18,Bag,7,2023-02-21,45.96,C39,Spain,321.72
INV1089,P19,T-Shirt,6,2023-04-15,33.76,C79,France,202.56
INV1052,P32,Bag,8,2023-02-23,47.91,C37,France,383.28
INV1129,P19,Notebook,3,2023-06-10,44.67,C76,Germany,134.01
INV1083,P48,Mug,5,2023-06-27,31.3,C86,Italy,156.5
INV1091,P11,Notebook,4,2023-06-15,42.52,C53,Germany,170.08
INV1110,P46,Socks,4,2023-06-04,33.92,C21,Italy,135.68
INV1187,P0,Shoes,4,2023-01-15,8.54,C15,Spain,34.16
INV1198,P25,Pen,8,2023-03-02,38.33,C27,Italy,306.64
INV1171,P13,Bag,6,2023-05-02,9.27,C34,Germany,55.62
INV1007,P37,Bag,3,2023-01-21,31.73,C59,Spain,95.19
INV1174,P36,Socks,5,2023-02-15,36.62,C44,United Kingdom,183.1
INV1034,P10,Bag,6,2023-05-14,7.99,C45,France,47.94
INV1080,P35,Socks,5,2023-02-07,15.39,C71,Germany,76.95
INV1163,P12,Notebook,6,2023-03-03,46.21,C54,Germany,277.26
INV1049,P42,Pen,8,2023-03-27,32.73,C85,Germany,261.84
INV1103,P2,Mug,7,2023-03-19,16.08,C84,Spain,112.55999999999999
INV1131,P32,Shoes,5,2023-02-15,36.08,C25,United Kingdom,180.39999999999998
INV1001,P5,Mug,6,2023-05-21,31.85,C84,Italy,191.10000000000002
INV1133,P49,Notebook,4,2023-01-03,27.57,C24,United Kingdom,110.28
INV1053,P9,Shoes,9,2023-01-06,48.93,C64,Spain,440.37
INV1105,P4,Bag,4,2023-04-03,35.76,C5,Germany,143.04
INV1003,P22,T-Shirt,1,2023-01-08,21.89,C22,France,21.89
INV1053,P9,Notebook,7,2023-06-21,41.0,C63,Germany,287.0
INV1190,P43,Notebook,7,2023-04-18,44.81,C86,Italy,313.67
INV1145,P1,Pen,4,2023-06-10,10.63,C42,France,42.52
INV1043,P12,Mug,3,2023-03-16,14.02,C22,Germany,42.06
INV1161,P39,Notebook,8,2023-03-18,14.73,C95,France,117.84
INV1189,P1,Notebook,5,2023-02-19,36.1,C29,United Kingdom,180.5
INV1013,P19,Bag,7,2023-01-11,32.14,C76,Spain,224.98000000000002
INV1094,P0,Bag,4,2023-04-05,32.85,C17,Germany,131.4
INV1047,P36,Shoes,4,2023-06-05,47.33,C86,Italy,189.32
INV1014,P8,Socks,8,2023-03-11,39.92,C78,United Kingdom,319.36
INV1199,P16,Socks,8,2023-06-18,10.76,C96,Germany,86.08
INV1189,P8,T-Shirt,2,2023-01-16,20.64,C20,United Kingdom,41.28
INV1039,P10,Socks,2,2023-03-09,24.59,C56,Italy,49.18
INV1081,P14,Pen,3,2023-04-09,22.82,C22,Germany,68.46000000000001
INV1110,P23,T-Shirt,3,2023-02-17,35.12,C90,Italy,105.35999999999999
INV1052,P37,Shoes,1,2023-03-05,45.14,C44,France,45.14
INV1023,P34,Bag,3,2023-03-31,18.77,C43,Italy,56.31
INV1153,P29,Socks,6,2023-03-17,29.83,C81,France,178.98
INV1187,P30,Mug,8,2023-05-19,40.52,C87,Germany,324.16
INV1123,P48,Bag,6,2023-04-11,23.73,C46,France,142.38
INV1040,P4,Pen,5,2023-03-30,12.57,C39,Germany,62.85
INV1156,P43,Bag,4,2023-01-18,26.37,C50,Germany,105.48
INV1014,P49,Pen,3,2023-01-19,7.49,C41,Spain,22.47
INV1044,P13,Pen,4,2023-02-24,47.41,C6,Germany,189.64
INV1064,P10,Pen,7,2023-04-12,8.37,C49,France,58.589999999999996
INV1088,P8,Shoes,1,2023-04-28,24.73,C47,Spain,24.73
INV1070,P33,Pen,7,2023-06-03,28.84,C83,Spain,201.88
INV1008,P11,Pen,1,2023-05-14,49.34,C90,Germany,49.34
INV1087,P34,Mug,2,2023-01-04,12.47,C5,Italy,24.94
INV1128,P34,T-Shirt,4,2023-04-18,10.15,C90,Italy,40.6
INV1135,P0,Notebook,1,2023-04-25,5.39,C8,Spain,5.39
INV1062,P39,T-Shirt,9,2023-01-29,12.0,C56,Germany,108.0
INV1138,P21,Pen,6,2023-02-28,14.33,C30,Italy,85.98
INV1080,P28,Mug,1,2023-05-05,33.38,C20,Germany,33.38
INV1135,P7,Bag,1,2023-04-08,14.89,C89,Germany,14.89
INV1162,P10,Mug,6,2023-01-17,5.92,C39,Spain,35.519999999999996
INV1162,P40,Pen,4,2023-04-17,42.2,C44,Spain,168.8
INV1032,P36,Mug,4,2023-02-12,21.45,C76,United Kingdom,85.8
INV1122,P13,Socks,6,2023-03-21,20.92,C48,Italy,125.52000000000001
INV1004,P29,Mug,7,2023-06-11,18.61,C86,Italy,130.26999999999998
INV1040,P34,Pen,9,2023-01-08,48.89,C19,Italy,440.01
INV1027,P20,Shoes,5,2023-05-21,12.66,C91,France,63.3
INV1134,P36,Socks,9,2023-04-16,45.42,C16,Germany,408.78000000000003
INV1071,P4,Mug,4,2023-01-08,39.96,C27,Spain,159.84
INV1011,P18,Notebook,2,2023-04-06,8.44,C40,Italy,16.88
INV1161,P13,Notebook,3,2023-04-04,49.4,C65,United Kingdom,148.2
INV1032,P25,Mug,1,2023-03-06,17.21,C24,Italy,17.21
INV1047,P3,Shoes,6,2023-06-20,9.44,C57,Germany,56.64
INV1150,P24,Bag,6,2023-02-08,42.32,C40,Germany,253.92000000000002
INV1061,P44,Pen,1,2023-03-22,36.8,C5,Spain,36.8
INV1036,P41,Notebook,3,2023-03-25,32.77,C74,France,98.31
INV1098,P24,Bag,5,2023-03-29,12.02,C37,Spain,60.099999999999994
INV1171,P17,Mug,3,2023-03-27,26.53,C5,Italy,79.59
INV1103,P39,Bag,3,2023-04-03,40.13,C44,United Kingdom,120.39000000000001
INV1034,P7,Socks,3,2023-03-27,18.66,C74,Spain,55.980000000000004
INV1192,P38,T-Shirt,5,2023-02-13,19.03,C13,France,95.15
INV1100,P39,Notebook,5,2023-05-17,5.14,C65,Spain,25.7
INV1174,P13,Mug,4,2023-06-14,12.84,C39,Germany,51.36
INV1130,P31,Pen,1,2023-03-15,44.39,C2,Italy,44.39
INV1000,P37,Shoes,5,2023-02-05,24.88,C98,Italy,124.39999999999999
INV1004,P32,Socks,5,2023-04-11,49.29,C96,Italy,246.45
INV1141,P22,Mug,4,2023-06-05,22.81,C23,Italy,91.24
INV1102,P14,Pen,6,2023-06-19,37.18,C18,Italy,223.07999999999998
INV1026,P32,Shoes,4,2023-06-20,17.69,C17,Italy,70.76
INV1136,P24,Shoes,7,2023-06-19,21.37,C63,United Kingdom,149.59
INV1014,P16,Mug,7,2023-04-14,13.58,C87,France,95.06
INV1089,P32,Socks,2,2023-03-07,20.62,C34,Italy,41.24
INV1041,P46,Bag,3,2023-02-24,29.63,C61,France,88.89
INV1123,P1,Bag,1,2023-06-25,49.63,C0,Italy,49.63
INV1178,P13,Shoes,8,2023-04-01,34.89,C99,Spain,279.12
INV1062,P39,Bag,9,2023-01-22,13.97,C24,Italy,125.73
INV1095,P39,T-Shirt,4,2023-04-11,7.02,C44,Germany,28.08
INV1051,P38,Shoes,6,2023-06-04,10.69,C48,United Kingdom,64.14
INV1095,P5,Shoes,9,2023-05-01,30.31,C97,Spain,272.78999999999996
INV1131,P5,Pen,6,2023-04-03,39.43,C88,Spain,236.57999999999998
INV1150,P2,Bag,9,2023-04-18,47.32,C15,Germany,425.88
INV1142,P6,Socks,4,2023-05-21,5.71,C97,Italy,22.84
INV1170,P7,Shoes,8,2023-06-22,28.52,C92,United Kingdom,228.16
INV1028,P41,Socks,9,2023-01-10,26.19,C18,Spain,235.71
INV1035,P14,T-Shirt,4,2023-01-09,34.52,C22,United Kingdom,138.08
INV1012,P46,Pen,5,2023-06-04,30.18,C82,Spain,150.9
INV1159,P28,Mug,8,2023-02-03,35.92,C24,Italy,287.36
INV1070,P32,Socks,6,2023-05-09,34.61,C15,Spain,207.66
INV1186,P29,Shoes,7,2023-06-09,10.27,C53,Spain,71.89
INV1085,P38,T-Shirt,3,2023-03-30,40.99,C72,France,122.97
INV1027,P26,Notebook,7,2023-04-03,10.55,C0,Italy,73.85000000000001
INV1065,P35,T-Shirt,8,2023-03-12,36.43,C41,Germany,291.44
INV1169,P28,T-Shirt,6,2023-03-08,23.73,C18,Germany,142.38
INV1044,P37,Pen,9,2023-05-28,28.12,C96,Italy,253.08
INV1061,P32,Mug,6,2023-04-27,45.65,C33,Germany,273.9
INV1184,P36,Notebook,9,2023-04-04,45.04,C79,Italy,405.36
INV1133,P26,Bag,4,2023-06-12,41.8,C54,Germany,167.2
INV1027,P32,Bag,8,2023-04-09,27.96,C17,France,223.68
INV1027,P3,Socks,4,2023-04-23,38.13,C33,Germany,152.52
INV1107,P21,T-Shirt,2,2023-04-13,28.08,C88,Spain,56.16
INV1043,P1,Pen,9,2023-04-01,44.13,C44,Italy,397.17
INV1083,P9,Pen,5,2023-03-31,23.12,C5,United Kingdom,115.60000000000001
INV1029,P4,Bag,4,2023-01-17,48.66,C20,United Kingdom,194.64
INV1189,P9,Socks,2,2023-01-18,46.95,C69,Italy,93.9
INV1074,P32,Socks,1,2023-06-22,38.37,C95,France,38.37
INV1127,P37,Socks,7,2023-04-26,17.57,C47,Germany,122.99000000000001
INV1091,P12,Notebook,6,2023-04-03,10.92,C38,France,65.52
INV1189,P30,Mug,2,2023-04-01,43.46,C30,United Kingdom,86.92
INV1128,P46,Notebook,8,2023-03-23,12.44,C9,Italy,99.52
INV1120,P35,Shoes,4,2023-03-09,43.44,C29,Italy,173.76
INV1026,P44,Shoes,8,2023-04-24,27.08,C17,France,216.64
INV1189,P23,Mug,7,2023-01-01,23.3,C59,France,163.1
INV1120,P14,Bag,5,2023-02-27,45.64,C87,Germany,228.2
INV1115,P28,Mug,8,2023-06-03,32.17,C72,Spain,257.36
INV1002,P7,Pen,9,2023-04-19,30.95,C94,Spain,278.55
INV1102,P4,Shoes,5,2023-05-28,30.14,C14,Germany,150.7
INV1197,P28,T-Shirt,5,2023-04-26,21.7,C3,Spain,108.5
INV1199,P46,T-Shirt,2,2023-03-28,40.35,C62,United Kingdom,80.7
INV1154,P3,Bag,5,2023-01-10,16.38,C39,Spain,81.89999999999999
INV1136,P11,Pen,3,2023-02-28,47.25,C8,Germany,141.75
INV1061,P44,Notebook,7,2023-02-10,45.23,C8,Spain,316.60999999999996
INV1164,P1,Pen,5,2023-04-15,20.19,C25,Italy,100.95
INV1050,P26,T-Shirt,8,2023-05-13,37.83,C3,France,302.64
INV1171,P30,T-Shirt,1,2023-05-02,30.8,C80,United Kingdom,30.8
INV1151,P35,Shoes,3,2023-05-25,20.19,C15,Italy,60.57000000000001
INV1058,P35,Pen,3,2023-01-22,49.48,C14,Italy,148.44
INV1117,P25,Pen,9,2023-04-08,6.14,C98,Germany,55.26
INV1159,P42,T-Shirt,5,2023-06-18,16.37,C51,France,81.85000000000001
INV1095,P26,Notebook,9,2023-03-09,28.4,C68,France,255.6
INV1179,P4,Bag,9,2023-05-19,28.49,C4,United Kingdom,256.40999999999997
INV1112,P19,Socks,1,2023-02-25,31.5,C19,Germany,31.5
INV1061,P10,Bag,2,2023-06-28,38.83,C78,United Kingdom,77.66
INV1185,P9,Pen,5,2023-05-29,33.06,C17,Spain,165.3
INV1051,P39,Bag,4,2023-04-09,32.01,C1,Italy,128.04
INV1011,P37,T-Shirt,9,2023-03-17,7.41,C92,United Kingdom,66.69
INV1038,P5,T-Shirt,7,2023-01-26,21.94,C12,Italy,153.58
INV1129,P7,Pen,6,2023-04-25,15.44,C3,Germany,92.64
INV1130,P22,Pen,7,2023-05-27,16.94,C41,Spain,118.58000000000001
INV1112,P46,Socks,1,2023-04-19,29.95,C73,Germany,29.95
INV1100,P25,Socks,1,2023-02-16,13.98,C60,Spain,13.98
INV1112,P45,Shoes,8,2023-03-12,18.23,C94,Spain,145.84
INV1183,P42,Pen,2,2023-06-03,15.67,C7,Italy,31.34
INV1080,P11,Notebook,9,2023-02-09,47.68,C66,Germany,429.12
INV1186,P25,Bag,7,2023-05-13,47.51,C62,Germany,332.57
INV1112,P12,Pen,6,2023-05-29,32.45,C8,United Kingdom,194.70000000000002
INV1001,P39,Mug,1,2023-05-12,46.6,C93,Germany,46.6
INV1129,P17,Shoes,1,2023-01-23,40.36,C10,United Kingdom,40.36
INV1053,P24,Mug,2,2023-04-16,31.55,C98,France,63.1
INV1086,P32,T-Shirt,6,2023-03-25,5.29,C41,France,31.740000000000002
INV1128,P46,Socks,6,2023-05-23,39.76,C12,France,238.56
INV1146,P39,Bag,2,2023-04-26,36.61,C35,Germany,73.22
INV1125,P42,Pen,1,2023-04-19,32.69,C12,Germany,32.69
INV1129,P11,Mug,5,2023-05-16,39.22,C11,United Kingdom,196.1
INV1052,P43,Bag,5,2023-02-10,28.08,C36,Spain,140.39999999999998
INV1171,P35,T-Shirt,2,2023-04-22,36.68,C73,United Kingdom,73.36
INV1159,P47,Socks,6,2023-05-27,47.08,C72,France,282.48
INV1197,P3,Notebook,9,2023-04-22,21.91,C51,United Kingdom,197.19
INV1159,P4,Shoes,2,2023-04-13,36.87,C70,Spain,73.74
INV1067,P36,Bag,2,2023-02-15,26.41,C1,Germany,52.82
INV1182,P7,Bag,3,2023-06-05,35.35,C55,United Kingdom,106.05000000000001
INV1183,P41,Notebook,7,2023-03-09,39.33,C59,France,275.31
INV1122,P48,Bag,6,2023-05-02,7.05,C22,France,42.3
INV1144,P27,T-Shirt,8,2023-01-15,34.1,C39,Germany,272.8
INV1037,P30,T-Shirt,8,2023-06-14,15.2,C63,United Kingdom,121.6
INV1023,P8,Notebook,6,2023-05-09,35.15,C84,Spain,210.89999999999998
INV1068,P28,Shoes,3,2023-04-21,26.07,C22,Germany,78.21000000000001
INV1115,P13,Pen,3,2023-01-24,39.81,C28,United Kingdom,119.43
INV1097,P39,Mug,1,2023-01-27,10.55,C77,Italy,10.55
INV1197,P40,Pen,7,2023-02-09,33.18,C89,France,232.26
INV1138,P21,Bag,5,2023-06-13,17.53,C50,Spain,87.65
INV1143,P10,Mug,4,2023-01-24,43.38,C68,Spain,173.52
INV1096,P22,Notebook,4,2023-01-24,46.78,C94,Spain,187.12
INV1123,P0,Notebook,4,2023-01-04,49.84,C88,France,199.36
INV1186,P45,Shoes,6,2023-03-08,40.82,C30,United Kingdom,244.92000000000002
INV1069,P36,Mug,8,2023-02-03,38.92,C49,Germany,311.36
INV1092,P20,T-Shirt,8,2023-06-26,14.7,C19,United Kingdom,117.6
INV1002,P25,Mug,5,2023-04-26,20.12,C54,Germany,100.60000000000001
INV1147,P45,Bag,6,2023-01-23,25.96,C80,Spain,155.76
INV1186,P35,T-Shirt,4,2023-04-19,39.8,C1,United Kingdom,159.2
INV1163,P22,Socks,9,2023-03-10,46.17,C24,Spain,415.53000000000003
INV1146,P0,Socks,8,2023-04-05,13.51,C12,Italy,108.08
INV1089,P39,Socks,1,2023-03-03,46.51,C91,Spain,46.51
INV1194,P14,Notebook,2,2023-06-18,36.3,C69,Spain,72.6
INV1146,P20,Mug,9,2023-02-26,32.48,C66,Germany,292.32
INV1147,P46,Socks,8,2023-02-23,13.99,C57,Italy,111.92
INV1095,P8,Pen,3,2023-03-11,7.5,C98,Spain,22.5
INV1198,P8,Shoes,8,2023-04-11,30.58,C81,Spain,244.64
INV1051,P9,Pen,1,2023-02-26,34.32,C74,Italy,34.32
INV1160,P25,Socks,4,2023-05-18,14.49,C83,Italy,57.96
INV1167,P40,Shoes,3,2023-06-17,30.04,C63,United Kingdom,90.12
INV1127,P34,Bag,6,2023-05-15,43.54,C68,Germany,261.24
INV1038,P24,Pen,7,2023-04-13,42.58,C82,Italy,298.06
INV1081,P25,Mug,4,2023-06-15,46.73,C85,Italy,186.92
INV1103,P10,Mug,7,2023-03-26,21.46,C58,France,150.22
INV1128,P37,Pen,9,2023-03-02,19.31,C59,Italy,173.79
INV1010,P1,Socks,2,2023-01-03,38.72,C82,Germany,77.44
INV1184,P6,Mug,3,2023-05-08,24.4,C61,Spain,73.19999999999999
INV1177,P17,Bag,5,2023-06-28,8.94,C15,Spain,44.699999999999996
INV1150,P26,T-Shirt,3,2023-03-27,17.73,C87,Spain,53.19
INV1158,P33,Socks,8,2023-02-16,23.84,C67,Spain,190.72
INV1041,P26,Bag,8,2023-03-17,18.16,C14,France,145.28
INV1098,P16,Shoes,8,2023-02-07,19.95,C88,Italy,159.6
INV1006,P42,Bag,9,2023-06-13,18.22,C54,Spain,163.98
INV1143,P43,Socks,4,2023-06-18,6.87,C34,United Kingdom,27.48
INV1089,P23,Shoes,5,2023-05-21,33.67,C54,Spain,168.35000000000002
INV1111,P24,Socks,5,2023-03-28,31.88,C13,Italy,159.4
INV1059,P6,Mug,8,2023-02-27,34.4,C48,Spain,275.2
INV1112,P5,T-Shirt,7,2023-02-19,13.65,C82,France,95.55
INV1001,P23,Socks,9,2023-01-30,18.3,C99,Germany,164.70000000000002
INV1128,P32,Socks,8,2023-04-11,32.88,C6,Germany,263.04
INV1047,P48,Mug,2,2023-01-25,31.98,C29,Italy,63.96
INV1139,P28,Notebook,4,2023-04-22,27.78,C82,Germany,111.12
INV1196,P42,Mug,6,2023-06-04,20.77,C48,Germany,124.62
INV1036,P21,Shoes,2,2023-06-28,46.08,C88,United Kingdom,92.16
INV1159,P25,Mug,7,2023-05-06,20.29,C15,Italy,142.03
INV1008,P27,Mug,3,2023-05-03,25.5,C50,Italy,76.5
INV1098,P49,T-Shirt,3,2023-02-16,35.52,C71,Germany,106.56
INV1146,P20,Mug,2,2023-04-28,29.44,C81,Germany,58.88
INV1047,P48,Socks,8,2023-02-08,20.61,C91,Germany,164.88
INV1130,P6,T-Shirt,6,2023-01-16,24.6,C79,France,147.60000000000002
INV1147,P16,Pen,1,2023-01-22,40.75,C82,Spain,40.75
INV1151,P19,Notebook,1,2023-02-23,17.52,C41,France,17.52
INV1053,P40,T-Shirt,7,2023-05-29,11.4,C16,Italy,79.8
INV1119,P48,Shoes,8,2023-01-16,19.09,C62,United Kingdom,152.72
INV1160,P19,Pen,5,2023-02-28,43.23,C44,Spain,216.14999999999998
INV1151,P21,T-Shirt,5,2023-01-31,9.0,C76,United Kingdom,45.0
INV1115,P27,T-Shirt,4,2023-06-19,49.63,C6,Italy,198.52
INV1074,P39,Notebook,6,2023-02-01,29.35,C26,Italy,176.10000000000002
INV1112,P48,Socks,6,2023-06-11,49.32,C9,United Kingdom,295.92
INV1199,P6,Shoes,3,2023-01-09,47.25,C33,United Kingdom,141.75
INV1163,P0,Bag,9,2023-05-19,25.38,C35,United Kingdom,228.42
INV1165,P31,Bag,7,2023-01-10,13.93,C24,Italy,97.50999999999999
INV1103,P12,T-Shirt,1,2023-01-17,12.42,C5,Germany,12.42
INV1083,P29,Mug,7,2023-03-09,15.8,C23,United Kingdom,110.60000000000001
INV1111,P22,Shoes,5,2023-02-17,36.96,C17,Spain,184.8
INV1098,P18,Pen,5,2023-06-29,17.28,C86,Italy,86.4
INV1152,P31,Mug,2,2023-04-21,20.36,C5,France,40.72
INV1092,P29,Mug,4,2023-06-02,25.2,C28,France,100.8
INV1145,P28,Shoes,6,2023-05-03,46.1,C24,Spain,276.6
INV1127,P48,Socks,7,2023-05-29,13.52,C54,Germany,94.64
INV1109,P44,T-Shirt,5,2023-04-11,5.23,C80,United Kingdom,26.150000000000002
INV1081,P28,T-Shirt,9,2023-04-12,7.7,C45,Italy,69.3
INV1193,P29,T-Shirt,3,2023-03-06,45.71,C23,United Kingdom,137.13
INV1053,P15,T-Shirt,1,2023-02-20,34.14,C74,Italy,34.14
INV1162,P39,Bag,4,2023-02-05,17.29,C25,France,69.16
INV1188,P18,T-Shirt,9,2023-03-22,12.97,C97,United Kingdom,116.73
INV1168,P17,Bag,4,2023-05-07,18.24,C27,Spain,72.96
INV1160,P0,Bag,2,2023-03-29,10.17,C2,Germany,20.34
INV1067,P13,Socks,5,2023-04-14,47.37,C74,Spain,236.85
INV1032,P46,T-Shirt,3,2023-01-15,40.29,C37,Germany,120.87
INV1141,P49,Notebook,9,2023-04-06,25.81,C60,United Kingdom,232.29
INV1020,P1,Pen,4,2023-06-16,43.92,C77,United Kingdom,175.68
INV1047,P27,Mug,6,2023-05-03,16.23,C50,Germany,97.38
INV1147,P48,Bag,2,2023-01-01,37.27,C89,France,74.54
INV1127,P49,Shoes,6,2023-05-31,43.53,C47,Italy,261.18
INV1135,P29,Shoes,3,2023-05-02,21.05,C20,Spain,63.150000000000006
INV1134,P37,Pen,9,2023-06-16,39.09,C53,Spain,351.81000000000006
INV1194,P3,Shoes,2,2023-05-06,18.28,C55,Spain,36.56
INV1144,P0,Notebook,9,2023-02-26,18.45,C93,United Kingdom,166.04999999999998
INV1127,P7,Shoes,5,2023-03-22,9.82,C58,Spain,49.1
INV1032,P28,Mug,8,2023-06-11,24.8,C71,Italy,198.4
INV1175,P38,Mug,2,2023-06-18,37.84,C50,Italy,75.68
INV1186,P2,Bag,6,2023-03-14,47.31,C19,Germany,283.86
INV1114,P31,T-Shirt,3,2023-05-21,32.17,C95,United Kingdom,96.51
INV1118,P9,Socks,5,2023-03-11,43.84,C85,Italy,219.20000000000002
INV1021,P9,Notebook,8,2023-01-06,42.01,C58,France,336.08
INV1157,P18,Bag,1,2023-03-25,12.8,C70,United Kingdom,12.8
INV1037,P45,Notebook,5,2023-02-21,26.86,C8,United Kingdom,134.3
INV1108,P33,T-Shirt,3,2023-01-03,10.26,C0,Italy,30.78
INV1050,P32,Shoes,4,2023-03-22,35.7,C28,France,142.8
INV1181,P22,Shoes,2,2023-03-04,47.75,C62,Germany,95.5
INV1007,P27,Socks,9,2023-02-18,11.17,C71,Italy,100.53
INV1026,P31,T-Shirt,3,2023-03-17,38.02,C55,France,114.06
INV1026,P49,Bag,2,2023-04-22,33.45,C67,United Kingdom,66.9
INV1020,P6,Socks,9,2023-06-24,31.26,C34,France,281.34000000000003
INV1029,P28,T-Shirt,7,2023-04-19,22.56,C2,United Kingdom,157.92
INV1096,P7,Pen,6,2023-03-06,20.98,C6,Italy,125.88
INV1027,P0,Mug,1,2023-03-22,7.04,C26,Italy,7.04
INV1110,P2,Socks,5,2023-01-15,14.81,C0,Spain,74.05
INV1191,P23,Socks,3,2023-04-10,5.68,C90,Spain,17.04
INV1196,P22,Bag,1,2023-02-01,31.16,C79,Spain,31.16
INV1060,P7,Notebook,4,2023-04-06,9.76,C70,Italy,39.04
INV1047,P46,Pen,2,2023-05-08,44.29,C43,Germany,88.58
INV1146,P36,Bag,2,2023-05-26,28.54,C86,Italy,57.08
INV1003,P2,T-Shirt,3,2023-04-23,36.49,C40,France,109.47
INV1034,P32,T-Shirt,8,2023-03-24,23.49,C74,Italy,187.92
INV1191,P27,T-Shirt,8,2023-02-12,30.23,C41,Italy,241.84
INV1048,P46,T-Shirt,7,2023-04-26,47.42,C32,United Kingdom,331.94
INV1016,P7,Notebook,6,2023-06-12,8.72,C49,United Kingdom,52.32000000000001
INV1171,P33,Pen,9,2023-03-19,16.43,C62,United Kingdom,147.87
INV1157,P34,Shoes,4,2023-02-27,40.1,C99,Italy,160.4
INV1045,P31,Mug,1,2023-02-02,9.44,C36,Germany,9.44
INV1116,P23,Notebook,8,2023-01-14,8.4,C58,France,67.2
INV1005,P13,Notebook,7,2023-06-11,21.27,C80,France,148.89
INV1098,P31,Shoes,7,2023-05-12,9.15,C98,Germany,64.05
INV1123,P45,Shoes,3,2023-02-28,31.33,C47,Germany,93.99
INV1036,P42,Mug,4,2023-06-06,15.18,C4,France,60.72
INV1023,P15,Mug,9,2023-03-24,45.31,C47,Spain,407.79
INV1092,P3,Shoes,6,2023-05-14,40.26,C95,United Kingdom,241.56
INV1045,P36,T-Shirt,5,2023-05-01,36.49,C2,United Kingdom,182.45000000000002
INV1180,P20,Notebook,3,2023-06-26,32.76,C46,France,98.28
INV1094,P13,Bag,9,2023-06-17,43.86,C61,Germany,394.74
INV1098,P30,Mug,5,2023-03-24,15.04,C98,Spain,75.19999999999999
INV1187,P47,Mug,5,2023-01-27,44.29,C13,France,221.45
INV1115,P17,Shoes,4,2023-03-21,40.53,C62,United Kingdom,162.12
INV1190,P6,Pen,4,2023-05-14,38.67,C60,Italy,154.68
INV1159,P9,Bag,1,2023-01-13,30.26,C30,Germany,30.26
INV1160,P6,Bag,7,2023-03-05,16.08,C94,Italy,112.55999999999999
INV1066,P32,Mug,9,2023-05-27,24.06,C16,France,216.54
INV1127,P22,T-Shirt,3,2023-03-21,40.71,C23,United Kingdom,122.13
INV1017,P20,Pen,2,2023-05-03,6.43,C22,Spain,12.86
INV1024,P18,Bag,3,2023-02-12,40.19,C81,Italy,120.57
INV1053,P47,Mug,1,2023-03-30,15.8,C49,Spain,15.8
INV1057,P18,Bag,6,2023-05-28,11.49,C77,United Kingdom,68.94
INV1066,P35,Socks,7,2023-04-05,10.21,C78,Italy,71.47
INV1103,P28,Pen,2,2023-06-21,6.23,C78,Spain,12.46
INV1173,P17,Pen,8,2023-05-31,28.56,C69,Spain,228.48
INV1023,P1,Socks,6,2023-01-02,14.82,C26,Italy,88.92
INV1113,P0,Notebook,4,2023-04-30,49.52,C14,United Kingdom,198.08
INV1031,P46,Socks,5,2023-01-22,30.85,C49,Spain,154.25
INV1174,P4,Shoes,8,2023-04-25,11.2,C35,France,89.6
INV1085,P19,Shoes,3,2023-02-26,35.99,C7,Italy,107.97
INV1150,P10,Mug,3,2023-03-13,45.4,C78,Germany,136.2
INV1193,P41,Pen,4,2023-01-07,38.53,C2,Germany,154.12
INV1126,P1,Notebook,1,2023-04-29,8.44,C61,United Kingdom,8.44
INV1154,P2,Notebook,9,2023-04-24,45.31,C46,France,407.79
INV1129,P22,Bag,8,2023-01-16,40.73,C76,Spain,325.84
INV1016,P11,Bag,8,2023-03-24,12.12,C97,Germany,96.96
INV1103,P19,Socks,6,2023-06-28,7.33,C87,United Kingdom,43.980000000000004
INV1160,P4,Notebook,7,2023-03-13,30.08,C95,France,210.56
INV1136,P36,Socks,6,2023-05-04,12.02,C60,France,72.12
INV1042,P37,Socks,9,2023-04-23,42.56,C31,United Kingdom,383.04
INV1175,P29,Bag,3,2023-01-12,21.13,C93,United Kingdom,63.39
INV1038,P8,Pen,3,2023-05-06,46.08,C12,Spain,138.24
INV1169,P33,Socks,3,2023-02-22,30.46,C0,United Kingdom,91.38
INV1025,P43,T-Shirt,3,2023-03-16,13.22,C33,Spain,39.660000000000004
INV1098,P34,Pen,9,2023-05-13,11.28,C61,Spain,101.52
INV1049,P21,Notebook,4,2023-01-27,30.94,C78,Italy,123.76
INV1152,P43,Notebook,7,2023-05-20,39.28,C77,France,274.96000000000004
INV1151,P23,Socks,9,2023-05-25,40.17,C92,France,361.53000000000003
INV1012,P16,Pen,7,2023-05-14,17.41,C97,France,121.87
INV1059,P9,Bag,9,2023-04-07,14.19,C81,Italy,127.71
INV1134,P29,Bag,3,2023-01-05,5.75,C70,Spain,17.25
INV1056,P45,Shoes,4,2023-02-26,35.56,C92,Spain,142.24
INV1035,P22,Notebook,8,2023-06-05,8.45,C30,United Kingdom,67.6
INV1172,P31,Mug,6,2023-03-19,23.93,C63,Italy,143.57999999999998
INV1019,P16,Shoes,5,2023-03-10,32.08,C24,United Kingdom,160.39999999999998
INV1064,P49,Bag,4,2023-04-28,47.17,C37,Italy,188.68
INV1007,P16,Pen,8,2023-04-30,19.03,C13,United Kingdom,152.24
INV1143,P13,Bag,1,2023-02-28,16.24,C7,Germany,16.24
INV1141,P8,Pen,9,2023-02-02,34.44,C90,France,309.96
INV1114,P39,Shoes,1,2023-03-03,32.87,C53,France,32.87
INV1142,P1,Notebook,8,2023-02-19,19.94,C1,Spain,159.52
INV1091,P44,Bag,4,2023-04-22,46.76,C80,Germany,187.04
INV1097,P24,Socks,9,2023-01-19,43.02,C77,France,387.18
INV1065,P38,Pen,5,2023-05-03,15.08,C88,Spain,75.4
INV1031,P8,Notebook,3,2023-02-16,15.76,C55,Germany,47.28
INV1190,P21,Mug,9,2023-06-16,28.05,C93,France,252.45000000000002
INV1085,P42,Pen,9,2023-02-02,39.81,C92,United Kingdom,358.29
INV1050,P45,Shoes,4,2023-05-21,6.98,C83,Italy,27.92
INV1152,P3,Mug,4,2023-03-25,36.2,C84,Germany,144.8
INV1185,P25,Mug,8,2023-05-15,34.17,C60,Spain,273.36
INV1062,P28,T-Shirt,2,2023-03-20,15.42,C21,Germany,30.84
INV1189,P44,Bag,9,2023-01-14,35.66,C34,Spain,320.93999999999994
INV1124,P33,Pen,6,2023-05-27,47.31,C15,Germany,283.86
INV1149,P22,Mug,9,2023-05-08,7.11,C49,Spain,63.99
INV1057,P36,T-Shirt,8,2023-02-23,19.38,C42,France,155.04
INV1057,P10,Shoes,7,2023-05-28,24.72,C16,United Kingdom,173.04
INV1085,P5,Notebook,1,2023-01-29,45.47,C79,France,45.47
INV1048,P17,Socks,3,2023-01-24,48.3,C57,United Kingdom,144.89999999999998
INV1179,P20,Socks,2,2023-03-23,24.99,C1,France,49.98
INV1169,P41,Pen,5,2023-03-04,38.75,C3,France,193.75
INV1069,P35,Mug,5,2023-04-15,28.92,C84,Germany,144.60000000000002
INV1014,P40,Socks,5,2023-02-26,29.2,C38,Italy,146.0
INV1053,P37,Bag,4,2023-05-16,17.51,C97,Spain,70.04
INV1187,P33,Socks,5,2023-03-03,14.76,C93,Spain,73.8
INV1100,P16,Socks,3,2023-06-06,17.96,C5,Spain,53.88
INV1007,P36,Socks,1,2023-01-17,30.03,C80,United Kingdom,30.03
INV1052,P24,T-Shirt,5,2023-03-07,6.31,C88,Spain,31.549999999999997
INV1059,P37,Mug,9,2023-01-06,45.83,C68,Spain,412.46999999999997
INV1107,P11,Bag,9,2023-02-27,12.03,C68,Germany,108.27
INV1004,P22,Mug,4,2023-03-10,14.9,C19,France,59.6
INV1102,P41,Pen,3,2023-06-05,28.32,C63,Spain,84.96000000000001
INV1195,P21,Pen,1,2023-03-03,36.96,C15,Italy,36.96
INV1005,P20,Pen,2,2023-06-18,9.31,C50,Spain,18.62
INV1108,P26,Shoes,8,2023-03-23,19.3,C36,United Kingdom,154.4
INV1115,P30,Socks,1,2023-06-18,48.59,C72,United Kingdom,48.59
INV1093,P5,Shoes,8,2023-06-26,16.81,C68,United Kingdom,134.48
INV1046,P26,T-Shirt,7,2023-06-26,19.09,C41,Spain,133.63
INV1098,P39,Pen,8,2023-03-12,42.64,C56,Germany,341.12
INV1054,P33,Bag,6,2023-05-11,7.26,C65,Italy,43.56
INV1167,P11,Mug,9,2023-01-10,25.91,C8,Spain,233.19
INV1051,P44,Socks,3,2023-04-08,22.08,C99,Germany,66.24
INV1143,P6,Notebook,4,2023-03-30,19.25,C85,Germany,77.0
INV1012,P9,Bag,6,2023-02-04,17.86,C63,Spain,107.16
INV1113,P44,Socks,8,2023-01-02,9.11,C85,Spain,72.88
INV1123,P16,Shoes,5,2023-05-04,19.17,C21,Germany,95.85000000000001
INV1105,P25,Shoes,3,2023-01-24,6.94,C33,Germany,20.82
INV1157,P20,Bag,6,2023-03-15,40.14,C54,Germany,240.84
INV1146,P27,Shoes,4,2023-06-15,22.92,C28,Spain,91.68
INV1144,P45,Pen,9,2023-01-22,24.98,C37,Germany,224.82
INV1119,P1,T-Shirt,3,2023-06-03,45.21,C96,United Kingdom,135.63
INV1062,P42,Mug,4,2023-06-20,34.61,C17,Spain,138.44
INV1018,P0,T-Shirt,7,2023-02-08,5.36,C70,United Kingdom,37.52
INV1091,P35,Socks,7,2023-06-06,47.44,C64,France,332.08
INV1057,P25,Mug,4,2023-01-20,15.67,C96,Spain,62.68
INV1182,P28,Mug,6,2023-02-10,9.84,C0,France,59.04
INV1089,P20,T-Shirt,3,2023-05-28,39.57,C87,Germany,118.71000000000001
INV1116,P10,Bag,6,2023-04-18,27.52,C3,Germany,165.12
INV1061,P39,Mug,2,2023-05-27,24.52,C3,Italy,49.04
INV1022,P10,T-Shirt,8,2023-03-25,16.23,C81,Germany,129.84
INV1126,P35,Mug,2,2023-04-21,29.64,C26,France,59.28
INV1136,P48,Notebook,7,2023-03-07,17.35,C42,Germany,121.45000000000002
INV1139,P38,Bag,9,2023-06-07,45.57,C58,Spain,410.13
INV1128,P39,Pen,1,2023-02-22,14.68,C31,Germany,14.68
INV1057,P34,Mug,8,2023-02-03,44.8,C32,Italy,358.4
INV1121,P33,Notebook,7,2023-05-30,30.17,C27,Germany,211.19
INV1000,P46,Pen,6,2023-03-08,42.28,C54,France,253.68
INV1033,P23,Pen,6,2023-05-14,37.08,C99,France,222.48
INV1095,P21,Socks,6,2023-01-27,36.35,C59,Germany,218.10000000000002
INV1125,P4,Mug,9,2023-01-10,19.6,C69,France,176.4
INV1117,P32,T-Shirt,2,2023-03-14,15.53,C61,France,31.06
INV1047,P35,Mug,1,2023-04-06,14.49,C79,Italy,14.49
INV1088,P46,Notebook,6,2023-02-17,43.57,C33,Spain,261.42
INV1116,P19,Pen,8,2023-03-11,41.92,C86,Italy,335.36
INV1128,P18,Mug,3,2023-04-10,24.83,C87,United Kingdom,74.49
INV1015,P34,T-Shirt,1,2023-02-28,10.96,C55,Italy,10.96
INV1188,P42,Socks,9,2023-01-02,22.2,C12,Germany,199.79999999999998
INV1191,P16,Mug,1,2023-06-06,32.87,C55,Spain,32.87
INV1190,P44,Bag,3,2023-03-06,25.45,C17,Germany,76.35
INV1068,P42,Socks,8,2023-03-24,40.11,C53,United Kingdom,320.88
INV1021,P33,T-Shirt,3,2023-06-03,49.89,C76,Spain,149.67000000000002
INV1092,P8,Notebook,4,2023-01-10,13.6,C42,France,54.4
INV1194,P25,Pen,8,2023-02-22,25.68,C38,Italy,205.44
INV1075,P1,Mug,1,2023-03-20,24.39,C60,Germany,24.39
INV1153,P8,T-Shirt,6,2023-02-28,18.7,C41,United Kingdom,112.19999999999999
INV1143,P8,Socks,1,2023-05-30,13.91,C80,France,13.91
INV1178,P39,Bag,1,2023-06-28,7.96,C78,Italy,7.96
INV1085,P16,T-Shirt,8,2023-02-17,44.92,C17,France,359.36
INV1184,P0,Shoes,4,2023-05-29,23.89,C22,Italy,95.56
INV1028,P24,Bag,1,2023-05-03,27.36,C53,Spain,27.36
INV1068,P42,Socks,7,2023-01-22,46.26,C29,France,323.82
INV1046,P39,Notebook,5,2023-04-10,39.93,C97,France,199.65
INV1093,P41,Pen,5,2023-04-08,10.87,C57,France,54.349999999999994
INV1189,P24,Socks,1,2023-06-07,30.44,C67,Spain,30.44
INV1196,P38,Notebook,6,2023-01-25,24.9,C66,United Kingdom,149.39999999999998
INV1143,P34,Mug,9,2023-01-28,40.87,C70,Italy,367.83
INV1175,P2,T-Shirt,9,2023-04-23,37.59,C17,France,338.31000000000006
INV1084,P49,Shoes,8,2023-02-14,36.07,C6,Spain,288.56
INV1038,P36,Bag,5,2023-03-09,20.32,C39,United Kingdom,101.6
INV1099,P43,Bag,1,2023-01-07,41.22,C69,Italy,41.22
INV1032,P43,T-Shirt,9,2023-02-18,7.36,C85,Spain,66.24000000000001
INV1100,P29,Shoes,1,2023-05-17,12.18,C64,Italy,12.18
INV1022,P37,T-Shirt,8,2023-06-13,20.1,C67,France,160.8
INV1009,P33,Mug,5,2023-03-24,8.46,C48,United Kingdom,42.300000000000004
INV1068,P11,Notebook,3,2023-05-09,15.57,C51,Spain,46.71
INV1099,P18,Socks,7,2023-05-18,42.36,C28,United Kingdom,296.52
INV1033,P36,Bag,7,2023-06-13,47.67,C20,France,333.69
INV1179,P43,Mug,9,2023-03-14,18.71,C89,United Kingdom,168.39000000000001
INV1137,P48,Notebook,7,2023-02-15,16.9,C77,United Kingdom,118.29999999999998
INV1146,P16,Mug,3,2023-04-16,17.6,C8,Germany,52.800000000000004
INV1185,P9,Shoes,1,2023-06-09,17.5,C46,United Kingdom,17.5
INV1095,P48,Bag,8,2023-02-01,6.62,C75,Italy,52.96
INV1000,P46,Socks,3,2023-01-06,46.71,C41,Spain,140.13
INV1068,P11,T-Shirt,8,2023-06-25,14.62,C50,Germany,116.96
INV1003,P15,T-Shirt,8,2023-06-15,23.9,C55,Spain,191.2
INV1015,P23,Notebook,5,2023-05-25,5.44,C50,Spain,27.200000000000003
INV1023,P18,Socks,1,2023-03-15,43.61,C69,France,43.61
INV1079,P7,Pen,7,2023-04-24,37.9,C19,France,265.3
INV1001,P30,Shoes,5,2023-01-27,47.6,C87,Germany,238.0
INV1127,P20,Notebook,8,2023-02-23,40.17,C26,France,321.36
INV1159,P16,Pen,9,2023-06-27,19.12,C37,France,172.08
INV1083,P22,Mug,7,2023-06-12,16.15,C71,France,113.04999999999998
INV1151,P36,Shoes,7,2023-03-26,36.4,C64,Spain,254.79999999999998
INV1139,P15,Mug,1,2023-05-07,21.39,C53,Germany,21.39
INV1177,P5,Socks,4,2023-06-02,30.48,C23,Spain,121.92
INV1162,P7,Bag,2,2023-06-05,5.28,C46,Italy,10.56
INV1123,P24,Shoes,2,2023-04-21,7.78,C70,Spain,15.56
INV1032,P17,Pen,2,2023-01-15,29.09,C82,Italy,58.18
INV1160,P24,Bag,4,2023-05-12,30.47,C85,United Kingdom,121.88
INV1188,P11,T-Shirt,1,2023-04-03,38.82,C62,United Kingdom,38.82
INV1178,P14,Pen,4,2023-05-03,10.94,C56,Italy,43.76
INV1170,P25,Notebook,2,2023-03-14,28.09,C54,Italy,56.18
INV1100,P40,T-Shirt,5,2023-06-04,13.75,C59,Spain,68.75
INV1011,P44,T-Shirt,3,2023-06-03,9.19,C98,Italy,27.57
INV1066,P25,Notebook,8,2023-05-27,23.47,C61,Germany,187.76
INV1064,P46,Shoes,4,2023-04-02,12.35,C29,United Kingdom,49.4
INV1160,P31,T-Shirt,1,2023-01-17,14.98,C92,United Kingdom,14.98
INV1167,P9,Socks,1,2023-02-12,19.29,C21,Italy,19.29
INV1073,P15,Pen,3,2023-05-01,16.67,C74,France,50.010000000000005
INV1042,P6,Bag,9,2023-02-10,8.94,C83,France,80.46
INV1043,P16,T-Shirt,7,2023-06-19,9.05,C28,Italy,63.35000000000001
INV1028,P22,Pen,2,2023-06-27,13.7,C40,Germany,27.4
INV1140,P25,Mug,9,2023-06-17,7.28,C41,France,65.52
INV1011,P20,Pen,2,2023-02-08,33.19,C97,Italy,66.38
INV1094,P21,Bag,3,2023-04-23,17.93,C64,Germany,53.79
INV1045,P6,Pen,2,2023-05-31,17.59,C30,Germany,35.18
INV1129,P13,Notebook,3,2023-04-21,19.94,C29,Spain,59.82000000000001
INV1034,P14,Bag,6,2023-06-29,34.83,C17,Germany,208.98
INV1080,P6,Shoes,9,2023-02-16,44.18,C16,France,397.62
INV1089,P8,Mug,9,2023-03-04,39.16,C37,France,352.43999999999994
INV1007,P47,Notebook,7,2023-04-20,37.74,C13,Italy,264.18
INV1092,P7,Shoes,3,2023-03-10,26.8,C86,Italy,80.4
INV1153,P49,Pen,4,2023-02-12,36.22,C88,Germany,144.88
INV1089,P22,Bag,6,2023-06-25,29.87,C78,United Kingdom,179.22
INV1161,P28,Mug,5,2023-02-03,14.73,C55,Spain,73.65
INV1114,P17,Notebook,2,2023-02-09,14.39,C21,United Kingdom,28.78
INV1104,P30,Shoes,6,2023-03-02,18.34,C66,Germany,110.03999999999999
INV1134,P29,Shoes,3,2023-06-27,45.99,C55,Germany,137.97
INV1195,P38,Mug,8,2023-03-03,29.63,C18,United Kingdom,237.04
INV1057,P34,Socks,2,2023-02-27,38.03,C56,Spain,76.06
INV1113,P17,Pen,1,2023-06-10,20.6,C43,United Kingdom,20.6
INV1074,P41,Mug,9,2023-03-16,23.35,C97,Italy,210.15
INV1156,P38,Shoes,3,2023-01-16,10.65,C34,France,31.950000000000003
INV1119,P16,T-Shirt,1,2023-03-23,12.71,C0,Italy,12.71
INV1163,P13,Notebook,7,2023-04-04,42.23,C51,France,295.60999999999996
INV1020,P30,Mug,5,2023-02-17,31.32,C84,Germany,156.6
INV1163,P23,Socks,5,2023-05-18,20.19,C92,Spain,100.95
INV1137,P34,Shoes,1,2023-03-23,41.13,C69,United Kingdom,41.13
INV1100,P43,Pen,9,2023-02-07,16.09,C36,Spain,144.81
INV1151,P44,Shoes,7,2023-05-07,48.92,C64,United Kingdom,342.44
INV1191,P33,Pen,8,2023-01-19,20.52,C50,Italy,164.16
INV1176,P2,Mug,9,2023-06-13,20.18,C0,Italy,181.62
INV1098,P36,Pen,6,2023-03-04,19.04,C90,United Kingdom,114.24
INV1035,P42,Bag,5,2023-03-18,10.5,C20,Spain,52.5
INV1095,P39,Bag,6,2023-06-23,10.0,C52,United Kingdom,60.0
INV1151,P25,Bag,2,2023-05-11,34.16,C15,Germany,68.32
INV1150,P22,Socks,4,2023-04-12,44.38,C60,Italy,177.52
INV1189,P43,Socks,3,2023-03-06,40.57,C53,Germany,121.71000000000001
INV1036,P38,T-Shirt,7,2023-04-30,11.35,C39,Italy,79.45
INV1011,P14,Socks,9,2023-04-01,29.55,C25,Italy,265.95
INV1112,P48,Mug,5,2023-01-08,9.75,C79,France,48.75
INV1182,P3,Shoes,6,2023-06-28,7.04,C91,Germany,42.24
INV1012,P28,Shoes,2,2023-03-14,34.54,C64,Germany,69.08
INV1022,P21,T-Shirt,3,2023-05-14,29.08,C99,France,87.24
INV1098,P24,Socks,3,2023-04-17,8.69,C73,Spain,26.07
INV1104,P12,Pen,9,2023-03-30,6.57,C63,Germany,59.13
INV1029,P17,T-Shirt,7,2023-02-08,49.54,C42,United Kingdom,346.78
INV1016,P32,Pen,8,2023-04-23,6.35,C16,France,50.8
INV1112,P15,Pen,9,2023-01-28,25.0,C58,Germany,225.0
INV1061,P44,Notebook,6,2023-04-07,27.71,C22,Spain,166.26
INV1083,P41,Shoes,4,2023-02-06,10.28,C6,Germany,41.12
INV1111,P43,Bag,1,2023-05-17,12.61,C43,Italy,12.61
INV1085,P1,Socks,8,2023-03-23,20.83,C52,United Kingdom,166.64
INV1140,P34,Pen,7,2023-02-25,39.28,C70,France,274.96000000000004
INV1186,P41,Notebook,2,2023-03-26,27.82,C78,Italy,55.64
INV1018,P33,Shoes,8,2023-01-02,33.71,C33,Spain,269.68
INV1176,P29,Bag,5,2023-02-27,49.33,C45,Italy,246.64999999999998
INV1099,P12,Pen,7,2023-04-17,39.56,C67,Italy,276.92
INV1139,P12,Pen,4,2023-05-03,24.55,C77,Spain,98.2
INV1188,P17,T-Shirt,5,2023-06-17,25.09,C77,Italy,125.45
INV1146,P31,T-Shirt,8,2023-06-13,32.84,C15,France,262.72
INV1075,P31,Shoes,1,2023-04-24,34.94,C70,Germany,34.94
INV1008,P34,Bag,1,2023-04-17,27.53,C95,Italy,27.53
INV1198,P38,Pen,4,2023-02-06,34.02,C18,France,136.08
INV1027,P45,Shoes,3,2023-03-20,6.06,C1,Germany,18.18
INV1127,P28,Shoes,2,2023-04-02,24.33,C9,Germany,48.66
INV1051,P48,Mug,3,2023-01-18,17.55,C49,Italy,52.650000000000006
INV1082,P28,Socks,1,2023-04-08,10.81,C80,France,10.81
INV1110,P43,T-Shirt,1,2023-03-04,9.48,C11,Italy,9.48
INV1143,P15,Bag,6,2023-05-30,32.14,C69,Spain,192.84
INV1116,P43,Pen,5,2023-05-19,28.56,C21,Germany,142.79999999999998
INV1068,P46,Shoes,8,2023-01-04,16.41,C31,Italy,131.28
INV1098,P9,Pen,2,2023-05-15,26.19,C83,Germany,52.38
INV1139,P29,Mug,4,2023-03-02,27.15,C0,France,108.6
INV1024,P24,Bag,8,2023-04-17,13.78,C53,United Kingdom,110.24
INV1179,P38,Shoes,6,2023-02-23,34.34,C57,Italy,206.04000000000002
INV1122,P19,Pen,1,2023-03-29,40.14,C69,Italy,40.14
INV1052,P4,T-Shirt,4,2023-03-09,40.62,C82,Germany,162.48
INV1150,P0,Socks,1,2023-05-09,32.11,C17,France,32.11
INV1143,P29,Mug,2,2023-02-24,28.02,C5,Spain,56.04
INV1056,P48,Bag,5,2023-01-03,7.75,C44,France,38.75
INV1038,P2,Mug,8,2023-06-15,17.95,C96,Italy,143.6
INV1108,P44,T-Shirt,8,2023-05-01,9.2,C22,Spain,73.6
INV1180,P13,Bag,3,2023-05-09,48.37,C22,France,145.10999999999999
INV1041,P29,Mug,4,2023-04-12,11.08,C25,United Kingdom,44.32
INV1185,P49,Notebook,6,2023-02-07,11.83,C76,Germany,70.98
INV1166,P3,T-Shirt,3,2023-03-26,45.03,C6,France,135.09
INV1141,P17,T-Shirt,2,2023-06-06,47.48,C78,France,94.96
INV1121,P36,T-Shirt,6,2023-05-13,39.46,C43,United Kingdom,236.76
INV1132,P24,Notebook,5,2023-04-02,5.24,C26,Italy,26.200000000000003
INV1162,P47,Notebook,5,2023-01-21,5.06,C25,Germany,25.299999999999997
INV1074,P0,Pen,5,2023-04-19,22.01,C96,France,110.05000000000001
INV1145,P45,Shoes,5,2023-02-16,11.45,C78,Spain,57.25
INV1075,P14,Socks,3,2023-03-25,5.83,C35,France,17.490000000000002
INV1008,P8,Mug,7,2023-03-24,25.88,C54,Germany,181.16
INV1073,P14,Pen,6,2023-02-04,47.44,C63,France,284.64
INV1185,P48,Mug,4,2023-03-10,19.57,C90,United Kingdom,78.28
INV1144,P23,Socks,2,2023-05-09,34.75,C56,France,69.5
INV1006,P3,Shoes,9,2023-05-20,34.35,C68,France,309.15000000000003
INV1173,P11,Notebook,1,2023-01-27,16.3,C60,Spain,16.3
INV1140,P36,Shoes,4,2023-02-25,34.27,C1,United Kingdom,137.08
INV1167,P36,Notebook,1,2023-01-23,14.56,C54,United Kingdom,14.56
INV1169,P42,Socks,6,2023-06-02,10.49,C96,France,62.94
INV1136,P5,Shoes,4,2023-01-21,36.56,C79,Spain,146.24
INV1177,P38,Pen,5,2023-03-02,10.1,C86,France,50.5
INV1026,P45,Bag,5,2023-03-04,49.86,C37,France,249.3
INV1121,P23,Pen,9,2023-05-02,13.26,C79,Germany,119.34
INV1193,P10,Mug,1,2023-02-21,31.74,C77,Germany,31.74
INV1004,P12,Pen,2,2023-03-29,23.51,C28,Spain,47.02
INV1028,P33,Socks,6,2023-06-02,10.69,C25,Italy,64.14
INV1164,P24,T-Shirt,5,2023-02-24,6.25,C34,Germany,31.25
INV1165,P6,Mug,7,2023-02-15,33.02,C78,Italy,231.14000000000001
INV1082,P3,Shoes,3,2023-02-01,41.3,C66,United Kingdom,123.89999999999999
INV1135,P7,Mug,3,2023-02-24,42.89,C86,Germany,128.67000000000002
INV1108,P19,Bag,2,2023-04-06,26.72,C28,Germany,53.44
INV1064,P28,Notebook,3,2023-05-13,39.99,C33,Spain,119.97
INV1085,P44,Shoes,1,2023-02-05,35.28,C96,Italy,35.28
INV1144,P45,Mug,5,2023-04-20,37.59,C40,Germany,187.95000000000002
INV1070,P9,Shoes,5,2023-06-26,27.17,C40,Germany,135.85000000000002
INV1044,P42,Shoes,7,2023-04-16,33.5,C22,Spain,234.5
INV1131,P33,Shoes,4,2023-02-27,41.25,C70,Spain,165.0
INV1035,P25,Notebook,3,2023-02-08,22.9,C2,Italy,68.69999999999999
INV1069,P40,Socks,1,2023-03-21,41.27,C57,United Kingdom,41.27
INV1158,P48,Pen,8,2023-04-07,31.64,C31,United Kingdom,253.12
INV1018,P2,Shoes,3,2023-04-23,12.47,C30,France,37.410000000000004
INV1188,P5,T-Shirt,2,2023-03-02,6.11,C81,Germany,12.22
INV1107,P4,Socks,4,2023-05-17,21.32,C42,Italy,85.28
INV1181,P4,Bag,3,2023-01-06,29.6,C6,Germany,88.80000000000001
INV1166,P46,Notebook,1,2023-04-19,42.79,C0,Italy,42.79
INV1090,P22,Mug,3,2023-02-04,10.74,C60,Italy,32.22
INV1089,P48,Notebook,2,2023-02-08,41.01,C13,Italy,82.02
INV1018,P8,Mug,8,2023-05-30,43.84,C51,Germany,350.72
INV1038,P34,Notebook,6,2023-06-18,11.78,C95,Spain,70.67999999999999
INV1125,P19,Mug,9,2023-04-28,43.32,C5,Germany,389.88
INV1194,P48,Shoes,8,2023-01-05,49.62,C9,Italy,396.96
INV1172,P41,Pen,3,2023-06-19,37.71,C70,France,113.13
INV1140,P34,Mug,5,2023-03-28,40.31,C89,United Kingdom,201.55
INV1125,P49,Mug,7,2023-03-17,49.75,C97,Italy,348.25
INV1057,P17,T-Shirt,5,2023-06-07,32.25,C29,France,161.25
INV1147,P16,Mug,8,2023-02-26,18.85,C99,Spain,150.8
INV1199,P23,T-Shirt,5,2023-05-07,42.69,C20,Italy,213.45
INV1060,P2,Bag,1,2023-01-29,32.65,C59,France,32.65
INV1126,P31,Shoes,5,2023-06-14,31.15,C80,Italy,155.75
INV1104,P34,T-Shirt,4,2023-03-28,16.41,C96,Germany,65.64
INV1166,P37,Pen,6,2023-05-21,39.04,C73,France,234.24
INV1000,P12,Socks,3,2023-06-09,8.68,C62,Germany,26.04
INV1130,P46,Shoes,5,2023-02-15,46.59,C41,Germany,232.95000000000002
INV1091,P24,T-Shirt,2,2023-04-26,19.66,C50,France,39.32
INV1189,P8,Shoes,6,2023-04-22,10.75,C63,United Kingdom,64.5
INV1190,P3,Shoes,6,2023-05-31,24.91,C75,France,149.46
INV1112,P13,Shoes,5,2023-02-14,6.91,C55,United Kingdom,34.55
INV1152,P36,Bag,6,2023-05-25,35.81,C79,Italy,214.86
INV1055,P33,Pen,7,2023-04-14,45.62,C40,Italy,319.34
INV1160,P10,Notebook,5,2023-03-26,42.68,C31,France,213.4
INV1165,P40,Notebook,1,2023-05-14,10.73,C14,Italy,10.73
INV1116,P2,T-Shirt,8,2023-04-18,10.68,C61,Spain,85.44
INV1133,P27,Shoes,4,2023-01-18,41.6,C26,Germany,166.4
INV1057,P28,T-Shirt,9,2023-04-04,46.59,C27,Germany,419.31000000000006
INV1043,P8,Bag,6,2023-05-30,25.73,C80,United Kingdom,154.38
INV1172,P2,Bag,1,2023-02-02,27.45,C63,Italy,27.45
INV1159,P24,Mug,3,2023-06-07,19.32,C58,United Kingdom,57.96
INV1172,P33,Bag,3,2023-05-06,45.24,C57,Germany,135.72
INV1060,P11,Mug,4,2023-06-09,34.02,C1,Germany,136.08
INV1046,P41,Pen,6,2023-06-19,17.97,C35,Italy,107.82
INV1148,P8,T-Shirt,7,2023-05-02,18.45,C70,Spain,129.15
INV1079,P14,Socks,4,2023-05-18,45.1,C12,Spain,180.4
INV1117,P39,Pen,6,2023-04-25,5.61,C14,Italy,33.660000000000004
INV1163,P24,Bag,1,2023-06-13,19.52,C88,Italy,19.52
INV1146,P4,Pen,8,2023-06-11,29.95,C86,United Kingdom,239.6
INV1019,P10,Pen,7,2023-01-28,11.67,C59,Italy,81.69
INV1184,P33,Pen,9,2023-01-11,9.14,C21,Spain,82.26
INV1145,P23,Bag,3,2023-06-16,41.69,C62,Italy,125.07
INV1046,P14,Socks,2,2023-02-16,45.25,C89,United Kingdom,90.5
INV1048,P37,Shoes,1,2023-05-07,42.06,C96,United Kingdom,42.06
INV1013,P7,Pen,3,2023-05-27,45.45,C74,United Kingdom,136.35000000000002
INV1142,P4,Mug,5,2023-04-28,29.89,C73,United Kingdom,149.45
INV1158,P47,Bag,2,2023-05-23,41.55,C24,France,83.1
INV1000,P25,Pen,3,2023-05-06,22.28,C47,Italy,66.84
INV1116,P17,Socks,4,2023-06-05,34.98,C42,Germany,139.92
INV1053,P5,Shoes,7,2023-06-01,49.5,C37,Italy,346.5
INV1117,P36,Bag,3,2023-03-13,15.16,C40,France,45.480000000000004
INV1002,P47,Notebook,9,2023-04-17,22.55,C44,United Kingdom,202.95000000000002
INV1143,P12,Shoes,8,2023-05-17,26.6,C87,France,212.8
INV1184,P27,Mug,4,2023-06-24,11.21,C39,Spain,44.84
INV1011,P4,Pen,1,2023-02-02,8.65,C96,Spain,8.65
INV1073,P12,Socks,1,2023-01-19,42.34,C16,Italy,42.34
INV1015,P16,Notebook,1,2023-03-15,48.96,C87,Italy,48.96
INV1199,P49,Socks,1,2023-06-17,23.21,C56,Germany,23.21
INV1101,P39,Notebook,8,2023-06-24,8.94,C1,Germany,71.52
INV1151,P44,Bag,3,2023-06-06,7.96,C95,Spain,23.88
INV1155,P31,Notebook,6,2023-06-27,45.11,C61,United Kingdom,270.65999999999997
INV1116,P28,Mug,3,2023-04-08,25.87,C87,France,77.61
INV1007,P2,Mug,5,2023-05-21,19.4,C8,Germany,97.0
INV1121,P39,T-Shirt,7,2023-05-09,26.44,C67,Germany,185.08
INV1091,P33,Mug,2,2023-06-11,19.32,C80,United Kingdom,38.64
INV1163,P39,Shoes,6,2023-04-03,27.01,C16,United Kingdom,162.06
INV1089,P26,Notebook,6,2023-06-25,43.68,C49,Italy,262.08
INV1135,P12,Mug,3,2023-02-17,31.65,C93,France,94.94999999999999
INV1185,P44,Bag,6,2023-06-26,36.26,C39,United Kingdom,217.56
INV1059,P32,Socks,5,2023-03-05,21.41,C57,Germany,107.05
INV1177,P5,Socks,2,2023-03-02,38.23,C74,Germany,76.46
INV1027,P23,T-Shirt,9,2023-06-06,35.0,C84,Spain,315.0
INV1100,P18,Socks,8,2023-02-08,10.38,C20,United Kingdom,83.04
INV1040,P15,Notebook,3,2023-05-08,30.77,C17,Italy,92.31
INV1191,P39,T-Shirt,8,2023-03-29,16.55,C54,France,132.4
INV1154,P27,Notebook,9,2023-01-26,41.18,C28,Italy,370.62
INV1190,P32,Bag,3,2023-01-17,24.17,C23,Germany,72.51
INV1144,P47,T-Shirt,3,2023-03-12,49.76,C73,Italy,149.28
INV1160,P40,Pen,2,2023-01-13,9.16,C16,Germany,18.32
INV1156,P12,Shoes,8,2023-03-10,40.12,C17,Germany,320.96
INV1140,P42,Shoes,1,2023-01-26,35.32,C41,Germany,35.32
INV1045,P44,Notebook,8,2023-02-18,39.54,C83,Germany,316.32
INV1034,P24,Socks,7,2023-01-07,18.84,C44,Germany,131.88
INV1133,P41,Pen,7,2023-02-27,27.14,C81,Spain,189.98000000000002
INV1081,P35,T-Shirt,3,2023-02-18,40.84,C16,Italy,122.52000000000001
INV1114,P26,Pen,1,2023-04-13,15.46,C72,Spain,15.46
INV1196,P37,Pen,4,2023-02-22,15.17,C13,Spain,60.68
INV1046,P6,Socks,9,2023-03-03,29.8,C48,United Kingdom,268.2
INV1152,P4,T-Shirt,5,2023-01-17,28.56,C28,United Kingdom,142.79999999999998
INV1193,P42,Bag,1,2023-06-20,17.7,C94,United Kingdom,17.7
INV1009,P44,Socks,5,2023-01-25,18.41,C3,France,92.05
INV1055,P30,Pen,8,2023-05-11,17.5,C81,United Kingdom,140.0
INV1029,P22,Pen,8,2023-01-29,39.72,C19,Italy,317.76
INV1108,P41,Bag,5,2023-04-27,34.34,C46,Spain,171.70000000000002
INV1004,P9,Pen,9,2023-06-09,42.46,C8,Italy,382.14
INV1118,P31,Pen,1,2023-01-26,48.9,C76,United Kingdom,48.9
INV1032,P42,Pen,4,2023-05-04,26.34,C78,France,105.36
INV1117,P29,Shoes,3,2023-05-24,8.0,C26,France,24.0
INV1064,P38,Socks,2,2023-01-25,7.16,C14,Spain,14.32
INV1145,P30,Mug,8,2023-02-23,18.3,C91,Italy,146.4
INV1176,P17,Socks,7,2023-06-05,46.96,C18,Germany,328.72
INV1010,P35,Bag,9,2023-03-14,28.54,C89,Italy,256.86
INV1084,P1,Pen,2,2023-04-30,17.23,C51,United Kingdom,34.46
INV1025,P13,Socks,4,2023-02-25,22.96,C25,Germany,91.84
INV1062,P12,Shoes,6,2023-03-06,31.94,C88,France,191.64000000000001
INV1085,P28,Bag,3,2023-04-03,34.38,C25,Spain,103.14000000000001
INV1058,P11,Notebook,8,2023-03-27,11.93,C25,Spain,95.44
INV1026,P38,Socks,3,2023-03-21,48.97,C45,France,146.91
INV1176,P1,Notebook,2,2023-06-18,29.51,C91,United Kingdom,59.02
INV1160,P31,Pen,3,2023-04-18,11.11,C48,France,33.33
INV1097,P12,Shoes,6,2023-06-28,45.21,C81,United Kingdom,271.26
INV1104,P45,Shoes,2,2023-04-28,8.36,C95,Germany,16.72
INV1098,P26,Socks,8,2023-06-06,45.85,C52,France,366.8
INV1128,P48,Bag,1,2023-03-24,49.85,C2,United Kingdom,49.85
INV1148,P40,Bag,7,2023-05-27,36.52,C65,Germany,255.64000000000001
INV1054,P16,Shoes,2,2023-06-18,39.67,C96,France,79.34
INV1005,P39,Bag,6,2023-06-22,20.18,C41,Spain,121.08
INV1196,P30,Shoes,2,2023-01-15,47.37,C18,France,94.74
INV1094,P33,Socks,2,2023-05-11,28.84,C16,Italy,57.68
INV1132,P23,Mug,8,2023-05-19,37.96,C32,France,303.68
INV1101,P44,Shoes,2,2023-06-23,46.58,C75,Italy,93.16
INV1002,P34,Notebook,7,2023-01-30,48.88,C48,Germany,342.16
INV1180,P47,Bag,3,2023-02-26,42.49,C55,France,127.47
INV1022,P5,Shoes,8,2023-05-26,18.64,C62,Germany,149.12
INV1052,P18,Shoes,7,2023-06-28,48.49,C2,Germany,339.43
INV1164,P29,Socks,8,2023-05-08,33.27,C48,United Kingdom,266.16
INV1082,P6,Bag,7,2023-02-17,46.88,C54,Germany,328.16
INV1144,P9,Mug,6,2023-05-16,35.42,C25,Germany,212.52
INV1084,P40,Socks,7,2023-01-22,18.83,C98,France,131.81
INV1077,P31,Mug,5,2023-01-06,21.65,C71,France,108.25
INV1109,P33,Socks,7,2023-04-14,29.77,C51,Spain,208.39
INV1000,P27,Bag,1,2023-02-05,40.55,C99,United Kingdom,40.55
INV1050,P14,T-Shirt,1,2023-03-20,19.31,C6,Germany,19.31
INV1172,P29,Bag,9,2023-04-26,31.09,C45,United Kingdom,279.81
INV1003,P36,Bag,5,2023-02-26,20.55,C45,Italy,102.75
INV1189,P28,Mug,5,2023-02-18,41.71,C99,Germany,208.55
INV1192,P21,Mug,3,2023-06-22,26.0,C15,United Kingdom,78.0
INV1112,P3,Bag,5,2023-03-23,8.45,C23,Spain,42.25
INV1031,P19,Bag,3,2023-03-07,12.47,C60,Spain,37.410000000000004
INV1033,P31,Bag,9,2023-03-18,7.75,C53,Germany,69.75
INV1091,P35,Mug,9,2023-02-14,27.47,C61,Italy,247.23
INV1094,P49,Bag,6,2023-03-20,9.79,C0,Spain,58.739999999999995
INV1071,P3,Bag,1,2023-01-20,10.14,C48,Spain,10.14
INV1038,P26,Pen,7,2023-05-03,47.35,C24,Italy,331.45
INV1153,P16,T-Shirt,7,2023-03-08,44.27,C9,United Kingdom,309.89000000000004
INV1161,P11,Notebook,4,2023-03-24,25.34,C79,Spain,101.36
INV1181,P21,T-Shirt,8,2023-01-03,49.36,C15,France,394.88
INV1117,P16,Pen,6,2023-03-05,5.01,C57,Spain,30.06
INV1002,P9,Notebook,4,2023-02-09,32.63,C71,United Kingdom,130.52
INV1122,P0,Socks,4,2023-02-28,32.74,C28,United Kingdom,130.96
INV1049,P21,Bag,2,2023-03-03,25.58,C91,Germany,51.16
INV1011,P25,Pen,2,2023-05-12,22.86,C5,France,45.72
INV1192,P17,Socks,4,2023-03-01,25.49,C15,United Kingdom,101.96
INV1053,P49,Bag,5,2023-04-26,23.67,C19,Italy,118.35000000000001
INV1132,P13,Mug,8,2023-03-16,37.87,C79,France,302.96
INV1056,P46,Shoes,6,2023-05-02,11.09,C70,France,66.53999999999999
INV1144,P28,Pen,4,2023-04-17,13.89,C77,Italy,55.56
INV1111,P11,Mug,7,2023-04-06,13.12,C42,Spain,91.83999999999999
INV1046,P35,Pen,8,2023-04-01,16.81,C25,Italy,134.48
INV1150,P34,Pen,2,2023-06-07,28.64,C89,Italy,57.28
INV1084,P11,Mug,7,2023-05-10,10.0,C77,Spain,70.0
INV1141,P6,Notebook,2,2023-03-03,44.07,C70,Spain,88.14
INV1065,P28,T-Shirt,2,2023-02-18,18.38,C32,Spain,36.76
INV1074,P10,Bag,8,2023-05-17,12.31,C25,Spain,98.48
INV1178,P32,Pen,2,2023-04-02,35.4,C44,Spain,70.8
INV1102,P5,Bag,9,2023-06-08,6.71,C83,Italy,60.39
INV1165,P46,Shoes,1,2023-05-04,32.9,C62,Germany,32.9
INV1191,P14,Mug,9,2023-03-02,36.42,C66,Germany,327.78000000000003
INV1037,P31,Bag,1,2023-02-17,14.67,C51,United Kingdom,14.67
INV1049,P10,Mug,2,2023-06-02,6.89,C67,Germany,13.78
INV1097,P22,Bag,6,2023-06-13,21.36,C25,Germany,128.16
INV1081,P25,T-Shirt,6,2023-05-16,9.44,C74,Italy,56.64
INV1029,P33,T-Shirt,1,2023-02-27,10.24,C1,Spain,10.24
INV1078,P45,T-Shirt,7,2023-04-11,16.44,C13,Spain,115.08000000000001
INV1090,P33,T-Shirt,8,2023-04-22,18.3,C29,Italy,146.4
INV1178,P28,T-Shirt,2,2023-06-22,28.85,C48,Germany,57.7
INV1190,P3,T-Shirt,8,2023-03-03,35.53,C11,Italy,284.24
INV1051,P16,Mug,9,2023-02-08,31.67,C89,United Kingdom,285.03000000000003
INV1165,P34,Pen,6,2023-02-27,11.68,C43,Spain,70.08
INV1078,P12,Bag,5,2023-04-09,12.74,C32,France,63.7
INV1029,P40,T-Shirt,9,2023-02-13,44.54,C12,United Kingdom,400.86
INV1105,P38,Mug,9,2023-01-29,30.13,C77,United Kingdom,271.17
INV1050,P14,Mug,1,2023-02-28,44.15,C87,Italy,44.15
INV1080,P28,Mug,3,2023-03-12,21.72,C97,Germany,65.16
INV1132,P28,Pen,9,2023-04-02,32.65,C25,Spain,293.84999999999997
INV1028,P10,Bag,2,2023-01-09,28.56,C20,France,57.12
INV1131,P31,Pen,4,2023-05-07,19.36,C27,United Kingdom,77.44
INV1137,P1,Notebook,4,2023-05-14,26.15,C47,France,104.6
INV1183,P46,Socks,2,2023-06-06,27.61,C99,Germany,55.22
INV1144,P13,Mug,3,2023-05-25,14.03,C39,Germany,42.089999999999996
INV1073,P19,Notebook,3,2023-05-24,19.18,C65,France,57.54
INV1016,P21,Shoes,1,2023-05-11,40.61,C72,Spain,40.61
INV1083,P10,T-Shirt,6,2023-01-21,46.21,C86,Germany,277.26
INV1068,P26,Socks,8,2023-03-05,21.19,C78,France,169.52
INV1033,P2,T-Shirt,3,2023-03-31,18.81,C76,United Kingdom,56.42999999999999
INV1005,P16,Pen,5,2023-02-05,13.78,C22,France,68.89999999999999
INV1052,P43,Socks,1,2023-03-03,35.53,C80,France,35.53
INV1193,P27,Bag,7,2023-06-19,19.54,C47,Italy,136.78
INV1125,P28,Notebook,1,2023-03-17,49.45,C1,Germany,49.45
INV1042,P20,Bag,9,2023-06-19,19.66,C83,Spain,176.94
INV1114,P46,Pen,8,2023-01-13,22.74,C19,Spain,181.92
INV1110,P15,T-Shirt,7,2023-01-11,32.15,C58,Italy,225.04999999999998
INV1150,P36,Socks,7,2023-02-23,41.08,C45,Spain,287.56
INV1182,P19,Bag,5,2023-01-16,26.13,C2,France,130.65
INV1079,P5,Bag,5,2023-01-08,24.02,C54,Italy,120.1
INV1094,P18,T-Shirt,5,2023-04-14,49.8,C11,United Kingdom,249.0
INV1117,P4,Socks,1,2023-02-28,5.47,C39,Germany,5.47
INV1143,P2,Notebook,8,2023-02-26,45.28,C65,Germany,362.24
INV1007,P0,T-Shirt,1,2023-02-09,11.71,C99,Germany,11.71
INV1131,P37,Bag,4,2023-05-10,40.37,C77,France,161.48
INV1103,P14,Notebook,9,2023-04-04,32.81,C15,United Kingdom,295.29
INV1131,P33,Notebook,9,2023-05-18,20.38,C82,Italy,183.42
INV1183,P34,T-Shirt,5,2023-02-13,44.32,C33,Italy,221.6
INV1024,P48,Bag,4,2023-05-19,5.58,C43,Germany,22.32
INV1194,P24,Pen,3,2023-03-21,15.2,C5,United Kingdom,45.599999999999994
INV1095,P23,Bag,3,2023-03-22,30.51,C76,United Kingdom,91.53
INV1194,P11,Mug,5,2023-01-02,20.82,C63,United Kingdom,104.1
INV1154,P17,Socks,1,2023-06-27,32.47,C99,Spain,32.47
INV1092,P14,Shoes,5,2023-05-20,6.08,C21,Spain,30.4
INV1159,P43,Pen,6,2023-04-25,10.24,C17,Germany,61.44
INV1177,P15,Notebook,7,2023-03-31,10.72,C11,United Kingdom,75.04
INV1060,P26,Pen,9,2023-01-23,13.52,C51,United Kingdom,121.67999999999999
INV1121,P7,Socks,3,2023-05-26,25.67,C93,Italy,77.01
INV1050,P45,Notebook,2,2023-03-03,38.85,C50,Italy,77.7
INV1146,P24,Socks,3,2023-04-23,45.75,C70,Germany,137.25
INV1020,P16,Notebook,9,2023-05-08,42.59,C95,United Kingdom,383.31000000000006
INV1004,P28,Pen,7,2023-03-03,13.86,C47,Germany,97.02
INV1091,P7,Notebook,9,2023-02-07,24.85,C18,Italy,223.65
INV1169,P14,Notebook,2,2023-06-15,13.97,C5,Italy,27.94
INV1060,P26,Mug,5,2023-03-02,16.9,C83,Spain,84.5
INV1021,P45,Bag,4,2023-05-09,27.66,C26,Germany,110.64
INV1148,P49,Bag,2,2023-06-22,8.06,C52,Germany,16.12
INV1069,P6,Shoes,9,2023-06-05,14.82,C47,United Kingdom,133.38
INV1000,P2,Shoes,9,2023-05-29,47.09,C6,United Kingdom,423.81000000000006
INV1132,P28,Mug,6,2023-05-02,25.98,C58,Spain,155.88
INV1011,P43,Shoes,6,2023-04-20,25.04,C68,France,150.24
INV1089,P23,Socks,8,2023-01-13,5.66,C10,France,45.28
INV1045,P2,Pen,6,2023-06-04,16.13,C14,France,96.78
INV1033,P19,T-Shirt,1,2023-04-10,43.98,C63,Germany,43.98
INV1176,P45,Socks,4,2023-05-15,12.41,C2,Germany,49.64
INV1077,P14,T-Shirt,7,2023-01-22,23.68,C68,Italy,165.76
INV1044,P24,T-Shirt,2,2023-03-15,5.64,C22,Germany,11.28
INV1154,P29,Mug,9,2023-05-12,26.53,C52,Germany,238.77
INV1072,P13,Socks,8,2023-01-23,5.95,C36,Germany,47.6
INV1025,P6,Mug,8,2023-04-29,41.88,C8,Spain,335.04
INV1046,P16,Notebook,7,2023-03-11,42.12,C14,Germany,294.84
INV1120,P43,T-Shirt,4,2023-03-25,40.45,C2,United Kingdom,161.8
INV1055,P19,Pen,2,2023-04-11,17.75,C92,United Kingdom,35.5
INV1093,P35,Shoes,3,2023-03-25,42.68,C69,Italy,128.04
INV1106,P8,Pen,6,2023-06-10,29.43,C16,Spain,176.57999999999998
INV1062,P37,Shoes,5,2023-01-28,21.82,C25,United Kingdom,109.1
INV1047,P47,T-Shirt,8,2023-05-16,33.14,C20,Spain,265.12
INV1060,P21,T-Shirt,6,2023-01-01,5.56,C71,Spain,33.36
INV1080,P1,T-Shirt,6,2023-06-14,11.43,C20,Italy,68.58
INV1025,P23,Mug,1,2023-03-04,38.4,C10,Spain,38.4
INV1035,P7,Socks,4,2023-01-22,15.99,C37,Germany,63.96
INV1000,P10,Shoes,5,2023-03-11,31.91,C71,Spain,159.55
INV1007,P12,Socks,3,2023-05-05,22.33,C87,Italy,66.99
INV1112,P16,Mug,9,2023-05-29,43.47,C34,Italy,391.23
INV1098,P7,Mug,1,2023-04-06,47.86,C13,Italy,47.86
INV1179,P20,Bag,6,2023-06-12,44.76,C13,United Kingdom,268.56
INV1046,P17,Pen,6,2023-03-20,17.18,C9,Germany,103.08
INV1126,P29,Pen,5,2023-01-05,13.74,C11,United Kingdom,68.7
INV1055,P17,Notebook,5,2023-03-01,26.35,C37,France,131.75
INV1013,P45,Mug,5,2023-04-30,5.33,C33,Germany,26.65
INV1027,P46,Shoes,6,2023-02-15,6.16,C40,Spain,36.96
INV1077,P30,Bag,8,2023-06-27,29.9,C9,Italy,239.2
INV1129,P37,Bag,2,2023-06-25,28.42,C16,France,56.84
INV1108,P31,Socks,6,2023-05-14,49.76,C16,Germany,298.56
INV1153,P10,Pen,1,2023-02-25,14.08,C66,United Kingdom,14.08
INV1013,P44,Mug,4,2023-04-20,16.61,C61,Italy,66.44
INV1186,P24,Notebook,3,2023-06-06,10.11,C94,United Kingdom,30.33
INV1055,P32,Mug,9,2023-04-14,46.29,C0,Germany,416.61
INV1114,P37,Socks,3,2023-03-18,40.0,C11,Germany,120.0
INV1006,P40,T-Shirt,6,2023-05-26,42.01,C3,France,252.06
INV1002,P7,Mug,1,2023-01-02,45.62,C41,Spain,45.62
INV1110,P10,Socks,6,2023-01-08,28.62,C12,United Kingdom,171.72
INV1150,P21,T-Shirt,4,2023-03-16,25.3,C97,France,101.2
INV1106,P23,T-Shirt,8,2023-05-05,19.87,C84,Italy,158.96
INV1017,P40,Notebook,9,2023-02-07,31.51,C85,Spain,283.59000000000003
INV1037,P16,Shoes,4,2023-06-25,25.44,C3,France,101.76
INV1114,P11,Pen,6,2023-01-27,25.32,C81,United Kingdom,151.92000000000002
INV1014,P45,Mug,1,2023-01-20,47.16,C68,Germany,47.16
INV1191,P31,T-Shirt,4,2023-05-20,49.28,C18,Italy,197.12
INV1118,P14,Mug,7,2023-02-12,40.84,C1,United Kingdom,285.88
INV1027,P15,Shoes,1,2023-01-31,39.05,C11,Spain,39.05
INV1038,P21,Pen,8,2023-04-01,35.63,C80,Spain,285.04
INV1184,P27,Shoes,6,2023-03-02,12.47,C73,Germany,74.82000000000001
INV1016,P19,Pen,5,2023-04-19,7.66,C97,Germany,38.3
INV1085,P32,Bag,9,2023-04-01,36.08,C5,Italy,324.71999999999997
INV1125,P9,Pen,2,2023-06-12,37.8,C7,Italy,75.6
INV1043,P39,Notebook,5,2023-04-05,7.11,C50,Germany,35.550000000000004
INV1024,P31,Shoes,6,2023-05-23,46.76,C10,Germany,280.56
INV1144,P49,T-Shirt,7,2023-05-24,9.1,C62,Spain,63.699999999999996
INV1012,P32,Bag,5,2023-01-13,17.87,C56,Germany,89.35000000000001
INV1024,P1,Notebook,9,2023-04-23,35.26,C11,France,317.34
INV1067,P32,Mug,1,2023-02-04,12.64,C72,United Kingdom,12.64
INV1137,P32,Shoes,7,2023-05-29,7.49,C1,Germany,52.43
INV1066,P40,Socks,7,2023-06-07,19.9,C7,Italy,139.29999999999998
INV1108,P12,Socks,4,2023-02-17,39.47,C10,France,157.88
INV1145,P29,T-Shirt,9,2023-02-04,23.62,C52,Italy,212.58
INV1110,P32,Pen,5,2023-03-27,34.38,C99,France,171.9
INV1110,P12,T-Shirt,4,2023-06-15,31.08,C9,Germany,124.32
INV1033,P25,Socks,7,2023-06-08,6.0,C84,United Kingdom,42.0
INV1110,P21,Mug,4,2023-06-01,49.48,C83,Italy,197.92
INV1007,P38,Bag,3,2023-04-24,6.86,C7,France,20.580000000000002
